{"cameraMode":{"drawMode":0,"name":"Shaded","section":"Shading Mode"},"sceneLighting":true,"audioPlay":false,"sceneViewState":{"showFog":true,"showMaterialUpdate":false,"showSkybox":true,"showFlares":true,"showImageEffects":true,"showParticleSystems":true},"in2DMode":false,"pivot":{"x":2.3400497436523439,"y":-0.1895742416381836,"z":2.4426698684692385},"rotation":{"x":0.4543531835079193,"y":0.028052864596247674,"z":-0.01431696955114603,"w":0.8902671933174133},"size":6.524825572967529,"orthographic":false}